Perfume,ID,Avaliacoes,Vendas_Estimadas,URL
Makathén - 100ml,128,1258,31450,https://www.intheboxperfumes.com.br/produto/makathen-100ml-128
Versus Pour Homme - 100ml,107,967,24175,https://www.intheboxperfumes.com.br/produto/versus-pour-homme-100ml-107
Lord Town - 100ml,41,767,19175,https://www.intheboxperfumes.com.br/produto/lord-town-100ml-41
Envoy - 100ml,197,620,15500,https://www.intheboxperfumes.com.br/produto/envoy-100ml-197
Lemon Vanilla & Wood - 100ml,133,584,14600,https://www.intheboxperfumes.com.br/produto/lemon-vanilla-wood-100ml-133
Fire Snake - 100ml,207,534,13350,https://www.intheboxperfumes.com.br/produto/fire-snake-100ml-207
Essenza Nobile - 100ml,226,518,12950,https://www.intheboxperfumes.com.br/produto/essenza-nobile-100ml-226
Regnum Opus - 100ml,129,415,10375,https://www.intheboxperfumes.com.br/produto/regnum-opus-100ml-129
Aurum Parfum - 100ml,115,415,10375,https://www.intheboxperfumes.com.br/produto/aurum-parfum-100ml-115
Me And I - 100ml,210,403,10075,https://www.intheboxperfumes.com.br/produto/me-and-i-100ml-210
The Blue - 100ml,15,353,8825,https://www.intheboxperfumes.com.br/produto/the-blue-100ml-15
Sweet From Heaven - 100ml,140,299,7475,https://www.intheboxperfumes.com.br/produto/sweet-from-heaven-100ml-140
Codice Uno - 100ml,99,287,7175,https://www.intheboxperfumes.com.br/produto/codice-uno-100ml-99
Sauvegy - 100ml,17,260,6500,https://www.intheboxperfumes.com.br/produto/sauvegy-100ml-17
Maxximus IX - Coleção Match Of Senses - Parfum 50ml,52,243,6075,https://www.intheboxperfumes.com.br/produto/maxximus-ix-colecao-match-of-senses-parfum-50ml-52
Irish Green Man - 100ml,40,231,5775,https://www.intheboxperfumes.com.br/produto/irish-green-man-100ml-40
Nero Del Porto - 100ml,21,190,4750,https://www.intheboxperfumes.com.br/produto/nero-del-porto-100ml-21
New Aventhis - 100ml,60,189,4725,https://www.intheboxperfumes.com.br/produto/new-aventhis-100ml-60
Ultramen - 100ml,25,188,4700,https://www.intheboxperfumes.com.br/produto/ultramen-100ml-25
Whoop - 100ml,125,186,4650,https://www.intheboxperfumes.com.br/produto/whoop-100ml-125
Real Lignum - 100ml,127,185,4625,https://www.intheboxperfumes.com.br/produto/real-lignum-100ml-127
Dark Water - 100ml,74,174,4350,https://www.intheboxperfumes.com.br/produto/dark-water-100ml-74
Origine Un - Coleção Match Of Senses - Parfum 50ml,50,167,4175,https://www.intheboxperfumes.com.br/produto/origine-un-colecao-match-of-senses-parfum-50ml-50
Stant Aquae - 100ml,130,163,4075,https://www.intheboxperfumes.com.br/produto/stant-aquae-100ml-130
Altum Magnis - Coleção Match Of Senses - Parfum 50ml,51,154,3850,https://www.intheboxperfumes.com.br/produto/altum-magnis-colecao-match-of-senses-parfum-50ml-51
Deep Dark Water - 100ml,205,153,3825,https://www.intheboxperfumes.com.br/produto/deep-dark-water-100ml-205
Terra - 100ml,86,149,3725,https://www.intheboxperfumes.com.br/produto/terra-100ml-86
Enigma Blend - 100ml,211,148,3700,https://www.intheboxperfumes.com.br/produto/enigma-blend-100ml-211
Profumo Di Salerno - 100ml,116,139,3475,https://www.intheboxperfumes.com.br/produto/profumo-di-salerno-100ml-116
Helix Man - 100ml,139,137,3425,https://www.intheboxperfumes.com.br/produto/helix-man-100ml-139
Omnia IV - Coleção Match Of Senses - Parfum 50ml,53,136,3400,https://www.intheboxperfumes.com.br/produto/omnia-iv-colecao-match-of-senses-parfum-50ml-53
Hall Ury Sport - 100ml,16,133,3325,https://www.intheboxperfumes.com.br/produto/hall-ury-sport-100ml-16
Pride L'Homme - 100ml,91,130,3250,https://www.intheboxperfumes.com.br/produto/pride-l-homme-100ml-91
Codex Supreme - 100ml,124,126,3150,https://www.intheboxperfumes.com.br/produto/codex-supreme-100ml-124
Magic Blue Blend - 100ml,120,122,3050,https://www.intheboxperfumes.com.br/produto/magic-blue-blend-100ml-120
Homine Optimum - 100ml,93,120,3000,https://www.intheboxperfumes.com.br/produto/homine-optimum-100ml-93
Colossus - 100ml,43,114,2850,https://www.intheboxperfumes.com.br/produto/colossus-100ml-43
The Desire Man Parfum - 100ml,144,113,2825,https://www.intheboxperfumes.com.br/produto/the-desire-man-parfum-100ml-144
Black Flower - 100ml,82,113,2825,https://www.intheboxperfumes.com.br/produto/black-flower-100ml-82
Tersus Parfum - 100ml,111,112,2800,https://www.intheboxperfumes.com.br/produto/tersus-parfum-100ml-111
Sweetobacco - 100ml,22,111,2775,https://www.intheboxperfumes.com.br/produto/sweetobacco-100ml-22
My Party Up - 100ml,122,109,2725,https://www.intheboxperfumes.com.br/produto/my-party-up-100ml-122
Homine Elixir - 100ml,184,108,2700,https://www.intheboxperfumes.com.br/produto/homine-elixir-100ml-184
The Desire Man - 100ml,143,104,2600,https://www.intheboxperfumes.com.br/produto/the-desire-man-100ml-143
The Barbarian - 100ml,114,99,2475,https://www.intheboxperfumes.com.br/produto/the-barbarian-100ml-114
Codice D'oro - 100ml,118,98,2450,https://www.intheboxperfumes.com.br/produto/codice-d-oro-100ml-118
Malt Bottle - 100ml,45,98,2450,https://www.intheboxperfumes.com.br/produto/malt-bottle-100ml-45
Blue Memory - 100ml,192,98,2450,https://www.intheboxperfumes.com.br/produto/blue-memory-100ml-192
Supremo Absolu - 100ml,199,97,2425,https://www.intheboxperfumes.com.br/produto/supremo-absolu-100ml-199
Green Pool - 100ml,87,93,2325,https://www.intheboxperfumes.com.br/produto/green-pool-100ml-87
Intensity - 100ml,110,92,2300,https://www.intheboxperfumes.com.br/produto/intensity-100ml-110
Earthy Icy - 100ml,195,86,2150,https://www.intheboxperfumes.com.br/produto/earthy-icy-100ml-195
Fresh and Senses - 100ml,229,84,2100,https://www.intheboxperfumes.com.br/produto/fresh-and-senses-100ml-229
Aromatik - 100ml,132,82,2050,https://www.intheboxperfumes.com.br/produto/aromatik-100ml-132
Lemon Luxs - 100ml,234,81,2025,https://www.intheboxperfumes.com.br/produto/lemon-luxs-100ml-234
Unique Red - 100ml,200,80,2000,https://www.intheboxperfumes.com.br/produto/unique-red-100ml-200
Giocattolo - 100ml,123,78,1950,https://www.intheboxperfumes.com.br/produto/giocattolo-100ml-123
Thamus - 100ml,119,76,1900,https://www.intheboxperfumes.com.br/produto/thamus-100ml-119
D'eau Extrême - 100ml,39,75,1875,https://www.intheboxperfumes.com.br/produto/d-eau-extreme-100ml-39
Fabulous Secret - 100ml,58,72,1800,https://www.intheboxperfumes.com.br/produto/fabulous-secret-100ml-58
Brise D'Adventure - 100ml,227,71,1775,https://www.intheboxperfumes.com.br/produto/brise-d-adventure-100ml-227
The Power of Love - 100ml,189,68,1700,https://www.intheboxperfumes.com.br/produto/the-power-of-love-100ml-189
Colônia Aventhis - 100ml,106,67,1675,https://www.intheboxperfumes.com.br/produto/colonia-aventhis-100ml-106
Man's Illusion - 100ml,231,67,1675,https://www.intheboxperfumes.com.br/produto/man-s-illusion-100ml-231
Infinite Horizon - 100ml,241,64,1600,https://www.intheboxperfumes.com.br/produto/infinite-horizon-100ml-241
The Trophy Elixir - 100ml,201,63,1575,https://www.intheboxperfumes.com.br/produto/the-trophy-elixir-100ml-201
Brandie 1848 - 100ml,222,63,1575,https://www.intheboxperfumes.com.br/produto/brandie-1848-100ml-222
The Real Commander - 100ml,142,61,1525,https://www.intheboxperfumes.com.br/produto/the-real-commander-100ml-142
The Great Master - 100ml,206,57,1425,https://www.intheboxperfumes.com.br/produto/the-great-master-100ml-206
Eau de Sauvegy 1966 - 100ml,81,55,1375,https://www.intheboxperfumes.com.br/produto/eau-de-sauvegy-1966-100ml-81
Celestial Stone - 100ml,235,54,1350,https://www.intheboxperfumes.com.br/produto/celestial-stone-100ml-235
Grand Cheval - 100ml,193,53,1325,https://www.intheboxperfumes.com.br/produto/grand-cheval-100ml-193
Oud Orientale - 100ml,131,48,1200,https://www.intheboxperfumes.com.br/produto/oud-orientale-100ml-131
Uomo di Lusso - 100ML,237,48,1200,https://www.intheboxperfumes.com.br/produto/uomo-di-lusso-100ml-237
The Red Moon - 100ml,136,45,1125,https://www.intheboxperfumes.com.br/produto/the-red-moon-100ml-136
Fruttato Oud - 100ml,252,30,750,https://www.intheboxperfumes.com.br/produto/fruttato-oud-100ml-252
Citrus Craving - 100ml,245,30,750,https://www.intheboxperfumes.com.br/produto/citrus-craving-100ml-245
Nuit Noir - 100ml,191,27,675,https://www.intheboxperfumes.com.br/produto/nuit-noir-100ml-191
Dominus Elixir - 100ml,247,14,350,https://www.intheboxperfumes.com.br/produto/dominus-elixir-100ml-247
Flow Vibes - 100ml,243,13,325,https://www.intheboxperfumes.com.br/produto/flow-vibes-100ml-243
Absolute Whoop - 100ml,249,11,275,https://www.intheboxperfumes.com.br/produto/absolute-whoop-100ml-249
Prime Instinct - 100ml,242,11,275,https://www.intheboxperfumes.com.br/produto/prime-instinct-100ml-242
Looking For Something - 100ml,248,9,225,https://www.intheboxperfumes.com.br/produto/looking-for-something-100ml-248
Lumen Blue - 100ml,256,8,200,https://www.intheboxperfumes.com.br/produto/lumen-blue-100ml-256
Turim - 100ml,261,8,200,https://www.intheboxperfumes.com.br/produto/turim-100ml-261
Mystic Newlands - 100ml,257,6,150,https://www.intheboxperfumes.com.br/produto/mystic-newlands-100ml-257
Veneration - 100ml,253,4,100,https://www.intheboxperfumes.com.br/produto/veneration-100ml-253
Me And I Absolu - 100ml,259,2,50,https://www.intheboxperfumes.com.br/produto/me-and-i-absolu-100ml-259
Taylor Made - 100ml,260,2,50,https://www.intheboxperfumes.com.br/produto/taylor-made-100ml-260
Dévoile - 100ml,263,2,50,https://www.intheboxperfumes.com.br/produto/devoile-100ml-263
Salt Crystal - 100ml,262,1,25,https://www.intheboxperfumes.com.br/produto/salt-crystal-100ml-262
